mass [GeV],response,chi_squared,signed_coupling,group
0.1,0.335727280610479,0.344125498730122,-0.005447025288006724,C
0.1013939457675292,0.2503851223598645,0.022201699628637144,0.01064032029767179,A
0.10280732238308653,0.1608020453489932,0.2551060176324346,-0.012092045545740115,B
0.10424040070215566,0.2174444586318799,0.006601617933754407,-0.011039480377610541,A
0.10569345535579884,0.20960564868355555,0.02173489744845045,0.009288602710787216,B
0.10716676480328635,0.2187134578802023,0.00977697179051032,-0.012799001038191052,B
0.10866061138545974,0.28262481748506074,0.06719051723789833,0.011376094723653776,C
0.11017528137883871,0.16244745128336688,0.3085499113376215,0.000443441223576895,C
0.11171106505048241,0.3215188558366404,0.17624301835431788,0.019291961759263586,B
0.11326825671361537,0.17306538381580713,0.23996977832048808,-0.0050676271983615,B
0.11484715478402893,0.23148572085677452,0.006698849282470405,-0.0020521864337039583,C
0.11644806183726861,0.3225152750067742,0.14839012529070014,0.016274082113881906,C
0.118071284666619,0.3043428847348099,0.08307723467416493,-0.005728337959607628,C
0.11971713434189668,0.2045362243852723,0.0900627475985965,0.0026425434017781713,C
0.1213859262690628,0.4316900680256897,0.590144750354312,-0.008520683997005556,A
0.12307798025066652,0.28591627056792696,0.025198002268724432,0.010170399067149689,C
0.12479362054713111,0.19416563951669308,0.17181763526530164,0.0007587826128817359,A
0.1265331759388943,0.26422542708472085,0.00034123237208630384,-0.00984749118035189,C
0.1282969797894148,0.20514656148772045,0.13026430345517098,0.0012237807115454684,C
0.13008537010905713,0.30256401139305983,0.03555584459071893,-0.009100182861344524,A
0.13189868961986703,0.17919797409651958,0.33959063612843354,0.007905047022961386,B
0.13373728582124964,0.3123263797026475,0.04346465939156178,-0.010619035749217803,B
0.13560151105656337,0.1604326620234035,0.5912541352368794,0.02439496239467384,C
0.137491722580642,0.3826135794139713,0.22683190659491068,0.023300692951843765,C
0.13940828262825783,0.30147441891132565,0.013973518661581991,-0.01741800994413956,B
0.14135155848353956,0.4211476433285375,0.3470740941137892,0.005384175917132369,B
0.1433219225503574,0.22857993318332992,0.09520331845002185,-0.007596231295401269,A
0.1453197524236896,0.15227391625549994,0.8274055412312852,-0.00680993316570695,C
0.1473454309619835,0.19097530143509325,0.3537935173438148,-0.011614609625710138,A
0.14939934636052576,0.270220998271535,0.011100420021474327,0.015758110954998152,B
0.15148189222583458,0.5285668034255159,0.7274123393642692,-0.0179131607378969,C
0.15359346765108975,0.35127261522010517,0.061672771295597076,0.017250224483098788,A
0.15573447729261344,0.4425597802699701,0.32460306976276204,-0.015643955239787094,C
0.15790533144741753,0.23152478251253247,0.1453145351158244,0.009415094141830558,C
0.16010644613183178,0.2591804244798173,0.053304858144515396,-0.0007670936482844325,C
0.16233824316122786,0.27758408414960106,0.020908182282755237,-0.004617996631174593,B
0.16460115023085506,0.4395808529697693,0.2579197639709004,-0.008524465833336431,A
0.16689560099780243,0.2636362687388096,0.06016231428123011,-0.0027641182609300236,C
0.16922203516410372,0.2887980443494735,0.01596242392664094,0.003938031614941522,B
0.17158089856100053,0.517126062171082,0.4955766533817857,0.01637890829399593,C
0.17397264323438016,0.24694743240606687,0.14366149258490918,-0.01740404951690721,C
0.17639772753140448,0.32058554747064977,0.00020320513328566652,0.004003977251469909,C
0.17885661618834617,0.21825346783150976,0.34092793526167275,-0.0009848446974417987,B
0.18134978041964953,0.3071305196538996,0.01048104847803539,-0.006818325295706889,B
0.18387769800823278,0.4265882662169692,0.12975608957275883,-0.0006959384737885983,A
0.1864408533970486,0.479983492366645,0.26823628536358074,0.00046384485872541964,A
0.18903973778192215,0.22306663588848757,0.36531910960203934,-0.00795768974181604,B
0.1916748492056815,0.1601982198383454,1.2027483228490392,-0.004364413965947043,C
0.19434669265360213,0.40527505056827895,0.05471656772156609,0.0037279686424609394,A
0.19705578015017994,0.5737345271938178,0.5243112541701062,-0.0037893880629581464,A
0.19980263085725505,0.28450888225676646,0.0926085364639114,0.004729114042431385,A
0.2025877711735017,0.38350170917701254,0.0132010193074237,-0.008069338926570798,B
0.20541173483530648,0.3603247188400031,0.00013515175426688996,0.0033336213177915007,B
0.20827506301905155,0.18884432598295914,0.8774086879048759,0.0054563936712076575,C
0.21117830444482438,0.16334162012206171,1.345021494529637,0.0051146612112668985,A
0.21412201548157295,0.35991299730979104,0.0008472619604304935,0.0036033259345424453,C
0.21710676025372655,0.4287152627294073,0.04456499703688137,0.0012443611590391371,A
0.2201331107493031,0.23718730425787868,0.4340791577601479,-0.0010859705878596868,C
0.2232016469295234,0.34200513145532896,0.020183585929637655,-0.005558462757446445,C
0.22631295683995295,0.3000627859697597,0.11867791897296977,-0.005300627886379879,B
0.22946763672319362,0.28766745248743103,0.1752209661849524,0.002086633069392911,C
0.2326662911331459,0.26315005450834683,0.31424727998466734,-0.013679528112031021,A
0.2359095330508635,0.5555580229192145,0.2582159298199937,0.016853357721600525,A
0.23919798400202397,0.3958876095132383,2.1145425131186133e-05,-0.012602559404210827,B
0.2425322741760353,0.37124649362309103,0.010294023317756116,-0.0004345015880177048,B
0.24591304254680452,0.3469220326366916,0.0451932804000839,0.01336079529292427,A
0.24934093699518792,0.4542676530598188,0.027110699911637292,0.018036381603855994,A
0.25281661443315007,0.35058972777808417,0.04991420280850885,0.007827867888534937,B
0.2563407409296515,0.43172752190150604,0.00421558984552098,0.002121775050966995,C
0.25991399183829333,0.3292794678145003,0.1157692172893686,-0.012429609775141508,B
0.26353705192673943,0.46422413709635113,0.020717402672002044,0.005349745958869535,A
0.26721061550794345,0.3844479435470396,0.0201804447371584,-0.001553016444171877,B
0.27093538657320515,0.5031194671180699,0.054925228756318265,-0.012307992054282409,C
0.2747120789270812,0.267335113257008,0.4817032554116727,-0.001671119958997985,A
0.2785414163241767,0.3393690149100393,0.1308176521095271,0.011680062917377118,C
0.2824241326078435,0.29951375150713616,0.30865211920904967,0.007748469185441446,B
0.2863609718508116,0.7004978070800881,0.43741817846393505,0.005934201524670299,A
0.29035268849778145,0.36660145161179253,0.08353568825269114,0.010461467743745336,C
0.29440004751000354,0.435246475593058,0.0028709436121333123,0.007265800560355406,C
0.2985038245118731,0.26658189764274237,0.6026250242084267,0.005419453035474413,A
0.30266480593956924,0.3384075840677432,0.19709208501943917,-0.000337553865530589,B
0.30688378919176423,0.2715788527562353,0.6013336454760272,0.003457812368990469,A
0.3111615827824361,0.44163584685601687,0.007155222589324388,-0.0021306650768184742,A
0.3154990064958087,0.34390070976465537,0.21134132985748952,-0.004114162670969542,B
0.3198968915434537,0.7341578076058021,0.39076213182957664,-0.006164513374495893,B
0.32435608072358113,0.35856879956666177,0.18088528266603313,0.017909070062023615,C
0.3288774285825511,0.6367942179266824,0.15451966182315718,0.007751137991994781,A
0.3334618015786364,0.45540052964660366,0.011085582977425961,0.009985875681688043,A
0.33811007824806844,0.5592306667971518,0.032044822899959094,0.0020156423723286434,B
0.3428231493733971,0.3668560163744237,0.19743194925449334,0.004301354659881542,C
0.34760191815419783,0.48039149425297456,0.004492617645050391,-0.004793273416569439,A
0.3524473003801586,0.46910944257965315,0.01310036487394174,-0.003820552368900358,C
0.35736022460657874,0.3917294973082582,0.15088760904915274,0.010754179210255527,C
0.362341632332315,0.5915669599233053,0.03812523899274913,0.020091597600429584,A
0.3673924781802075,0.3227597016279736,0.48281820877845727,-0.016878908145319938,A
0.37251373008002114,0.48413264305761894,0.014623354376218934,-0.006121085552496288,C
0.37770636945393676,0.48413211993838967,0.017943855904552743,-0.006779292450079406,B
0.3829713914046281,0.5331950504965792,5.241793345074346e-05,-0.01120680485037113,C
0.3883098049059606,0.3707531741305741,0.29841110963143513,-0.005378761787766404,B
0.39372263299634813,0.6453498325906036,0.05908376097694175,-0.004643967576333777,A
0.39921091297480527,0.4072536923376616,0.19043487238895415,-0.010556830602030982,B
0.4047756965997321,0.44956529235605913,0.09383317503332297,0.003141314193607263,B
0.4104180502904709,0.4072322115060844,0.21392188774091148,-0.016293815079318374,C
0.4161390553316708,0.48826920887622793,0.04529188739517138,0.01354543763198212,B
0.42193980808050263,0.6196833461006386,0.014206255348689434,0.007406597323617218,B
0.4278214201767616,1.3346061383218233,1.4805412116960115,-0.003804792125310222,B
0.43378501875589887,0.25465553920810274,1.426235686875574,-0.010137034643302638,C
0.4398317466650225,0.7488304741200015,0.12542750512207956,-0.009515698205173052,B
0.4459627626819093,0.7497390067888727,0.11757130815778795,0.0006372275934727596,B
0.4521792417370701,0.90313609547885,0.35920562344958973,0.016165684730104303,B
0.4584823751389096,0.633774230793414,0.005414436990226512,0.011718952411114288,C
0.4648733708020258,0.6814798800955424,0.027429435922371553,0.009495968741853803,C
0.47135345347869095,1.0254269509491842,0.5536817193488976,-0.010239681648897936,C
0.4779238649935599,0.6247833740445843,0.0001910198371490714,-0.00029115225296439485,C
0.4845858644816496,0.646357207904272,0.002493875181572691,0.007355977587977683,B
0.4913407286296363,0.6176229405069372,0.0008362466505967962,0.004305575317617178,B
0.49818975192051623,0.71386759215698,0.028124467570627275,0.003937227275625947,C
0.5051342468816765,1.0736603332856092,0.5557825727054675,-0.0009637604516387879,C
0.5121755443364241,0.4874424946967948,0.16864398096384248,-0.002845265367260376,B
0.5193149936590212,0.913976896203881,0.23653683323105548,0.0002427720483202018,A
0.5265539630332757,0.3236186667733912,1.0602430398856635,0.002778756211641756,B
0.5338938397147353,0.7530658339905217,0.03238470548176146,0.0004188324039978785,C
0.541336030296538,0.5817907299118523,0.04269280236934016,0.011863599342545416,B
0.5488819609789671,0.9779785264609532,0.28326521198875987,-0.005747591787065114,C
0.5565330778427647,0.8567878980582152,0.10737458714184635,0.021593961427266228,C
0.564290847126254,0.8589564438103116,0.10132377747622952,0.006318814207611722,C
0.572156755506325,0.8122532421854802,0.05033544124736408,-0.0002690714619608754,C
0.5801323103833378,0.7627762288072075,0.014483773520557023,0.010186625367810601,A
0.5882190401699957,0.37847194000299905,0.8230524495858902,0.00640451058498218,C
0.5964184945842462,0.7669441880259624,0.010441804361452482,-0.014981290853513794,B
0.6047322449462648,0.4707909570863893,0.38105072894057573,-0.001978343133829671,A
0.6131618844795775,0.9786020302084556,0.1839902805857944,0.013214185652700586,C
0.6217090286163829,0.5886145123376881,0.10240148878624492,0.003289177835592895,A
0.6303753153071279,0.7263644327725494,0.0008188961793990196,0.01588621172972881,A
0.6391624053344004,0.6294248659791523,0.06200664162203944,-0.004564979138805302,A
0.648071982631197,0.7535508158536588,2.176272523017631e-06,0.0013429314463261738,A
0.6571057546036272,0.7860943843248295,0.002181440452285635,-0.00324539633575802,C
0.6662654524581153,0.8733206933009534,0.03459973174277281,0.0014275981203548326,C
0.6755528315331643,0.5194223283006454,0.33546469532369716,-0.005352186188847557,A
0.6849696716357445,1.2126872847378996,0.4034894200235127,-0.005609240728665607,B
0.6945177773823696,0.5550354019288075,0.25933048252840146,0.012353715202910447,C
0.7041989785449291,0.7331224384751894,0.014260731941438952,-0.009653007599175749,C
0.7140151304013399,0.34619181642402136,1.4850917542380104,-0.0019744699142390547,C
0.7239681140910875,0.8570071449569622,0.006489273123866725,0.010459523469768747,C
0.7340598369757212,1.059629702369675,0.14044673792228582,0.021087416784056394,C
0.744292233004376,1.1461216210231222,0.22593366177681726,0.017119689775143047,B
0.754667263084389,0.9410678900647786,0.031305254706725676,0.009423451736960489,B
0.7651869154570824,0.939247554527015,0.025954472169374573,-0.0011388557652872123,A
0.7758532060787836,0.6715508776981295,0.11396879142991069,0.0016315969086898522,A
0.7866681790071584,0.7321167956759407,0.050901615074339567,0.0100827712350275,C
0.7976339067929277,0.7850820354499304,0.018912946760454904,0.0010141303492225908,C
0.8087524908770455,0.8796300316687279,0.00019786060604489982,-0.015690560648921676,C
0.8200260619934131,0.614437865095446,0.2687040164908087,0.001995892094007989,C
0.8314567805772066,0.7672219503104575,0.04406468790874544,-0.0018371998789962988,B
0.8430468371788972,1.0128866392990132,0.032109337191253126,-0.02590350602119465,B
0.8547984528840411,0.9160427158576844,0.0004277041496105863,-0.0004154770501566471,B
0.8667138797389231,0.8463222503876564,0.011437218448031146,-0.004480762712662629,C
0.878795401182132,0.6956143131443325,0.16310436568866835,0.00446727923206058,A
0.8910453324821516,0.9784464198907458,0.005930118487865382,0.001846982719733586,B
0.903466021181053,0.9565225148682445,0.000971883045418992,0.013674761811302505,C
0.9160598475443708,1.4261590914250983,0.355682915877729,0.01301608425988859,B
0.9288292250172498,0.9259758318419213,0.0017524451780983707,-0.003664240285947749,B
0.9417766006869521,1.2478038451387852,0.14207920849551756,-0.012509213228476802,C
0.9549044557518083,0.6315250154462937,0.386815125895984,0.0006412085294721763,B
0.9682153059967084,1.613742937965587,0.522982520312851,0.015136394501315865,A
0.9817117022752193,0.6328836961689225,0.4158773995901265,0.0007182011494890066,C
0.9953962309984236,0.9375109528988235,0.007933491334240777,0.0019670250046450524,C
1.0092715146305713,0.8675747515405441,0.04593635710397044,0.005537496887643938,B
1.0233402121916417,0.8169721409799439,0.09881755472212335,-0.0006861963628730506,A
1.0376050197669118,0.8918306152387746,0.04018483265476138,-0.0011890679496430671,C
1.052068671023623,0.8407135003662278,0.08936240494697918,-0.0006616615944467768,B
1.0667339377348577,1.027665609198229,0.0004529305936327618,-0.00017880230269286962,A
1.08160363031071,1.089076869159236,0.002471496911704495,-0.01130696918560894,A
1.0966805983368686,1.427221567466532,0.183296140935463,0.01722420172809142,B
1.111967731120699,1.4819148645837752,0.22047198888557137,-0.009270524080911448,B
1.1274679582449467,1.7492565918658602,0.4852784198908821,0.010573530056065965,C
1.1431842501291496,1.2021555330757157,0.019773148719941215,-0.0075434798605103085,A
1.1591196185988857,0.827053909625404,0.1712567801045875,0.01072542159181354,B
1.1752771174629453,2.1325635628235986,0.8918334514309487,0.00233348256438767,B
1.1916598430985594,1.268037314501505,0.03196113910562261,0.005793830207239754,A
1.2082709350447765,0.5066246075397327,1.3511778927738372,0.01989858558796066,A
1.225113576604119,1.3752698798703753,0.07303200374183229,0.005778638686623686,C
1.2421909954526174,1.0579364907349555,0.015016744085533272,-0.006662331855637295,A
1.2595064642583578,0.9002718336262446,0.13630026600182182,-0.005625907287677133,C
1.277063301308644,0.9374151642497435,0.10477327715313442,-0.01563173432016074,C
1.2948648711459043,1.1533789705758966,0.0013380630092727816,-0.012925407389954544,A
1.3129145852124653,0.8961776123780949,0.17211329158203786,-0.008746431976313307,C
1.3312159025043078,1.2391485954215853,0.0016979525387357463,0.00829346504331634,A
1.3497723302339424,1.1070723212422047,0.018219011803028724,-0.003767064382589678,A
1.3685874245025185,1.1141336808823523,0.019265302047670765,0.0064752966915481,A
1.3876647909813085,1.3593252056718013,0.01853083244008836,-0.0073260652078567644,A
1.407008085602685,1.3239269074974809,0.00720870239806556,-0.009805688186598847,A
1.4266210152607377,1.9575337952467347,0.4070808659092208,-0.004369996866091586,B
1.4465073385216465,1.4101211863979566,0.022548046495260248,-0.00754862667978332,A
1.4666708663439685,0.9274370317068144,0.22037328636635561,-0.0002820583751711725,C
1.4871154628089538,1.2556001549506481,0.0019279966139938494,0.021106721310201734,C
1.5078450458610517,2.0971805704858046,0.4701568876584544,0.0016473982448629697,C
1.5288635880587302,2.1238585138334853,0.47741605925138186,0.009468133806734473,A
1.5501751173357703,1.0119177453466501,0.15629446166823818,0.001866318887199723,B
1.5717837177731628,1.5887902203517343,0.05988012474606063,-0.010185768306074063,A
1.5936935303817752,1.1395439140001458,0.062220413770558244,-0.011272298423123555,A
1.6159087538959183,1.2202238679467523,0.02671200840568179,0.008613974428594066,A
1.6384336455779838,0.8412732437523712,0.5109470500065949,-0.0018959054190478965,A
1.661272522034293,0.825547868657825,0.5702480620992151,0.005106173264135309,C
1.684429760042315,1.2415071966857363,0.03150050800709167,-0.007276751858329389,A
1.7079097973894277,1.4741464745033659,0.0033788774562218985,-0.013981081964830652,B
1.7317171337233537,1.6032146619616268,0.027757399228859402,0.004062689173653366,B
1.7558563314144688,1.075124120026713,0.18050950477354738,-0.0003809768205106909,C
1.7803320164301137,1.309279926975258,0.02330013140152675,-0.014234379914612103,B
1.8051488792211092,1.4694679811554185,2.0226581123220616e-06,0.0049633525914248265,A
1.8303116756206121,1.3628212227132441,0.014562370757234556,0.013648387894851396,A
1.855825227755519,0.6248897574639098,1.593869990947916,-0.001022310734012751,A
1.8816944249705556,1.0601381139454076,0.26042128130590053,0.0018548946153486836,B
1.907924224765266,1.511434749336359,9.836187185521869e-05,-0.004611282658038174,C
1.9345196537440452,1.7578417315895605,0.038294870189839965,-0.0036293407231448417,B
1.9614858085794313,1.1310664051188843,0.20760859189731048,0.0042124764209353575,A
1.9888278569888098,2.044876086662209,0.1510069026380879,0.011669841074144361,A
2.0165510387247476,0.6236919622178908,1.80477590670792,-0.0016698750240809318,C
2.0446606665791167,2.232204244272275,0.2395453856657584,-0.003794858590933018,B
2.0731621274012313,1.2441919664614634,0.1367131654359481,-0.008579821839655489,B
2.1020608831301586,1.553844859205399,0.0037257935342923727,0.0016000361461756304,A
2.1313624718414377,1.1812314638139223,0.22181665938221762,0.0057643009881143716,A
2.1610725088083775,1.1036071469030966,0.3391919570311004,-0.002427303499012556,C
2.1911966875781483,1.4463718648824466,0.04156558721368864,-0.01275289071728332,C
2.2217407810628846,1.6307983356420548,0.0018634882690804293,0.009798622967235935,C
2.2527106426459804,1.1524880461054716,0.3121907137556528,0.006841080644103897,C
2.2841122073038242,2.0757653024081404,0.07842224390528556,-0.006946857286704391,C
2.315951492743153,1.4481627353061888,0.06461218404246785,0.014513051295383921,B
2.3482346005542762,1.7074511615669175,0.0008282257710072042,-1.0076809605761951e-05,C
2.3809677173803583,1.350283556907175,0.14557989502518862,0.0009995104563936949,A
2.414157116103019,1.3861776253621494,0.12716049487027953,-0.007397394203877059,B
2.4478091570444414,1.6860588289826328,0.007414752486215838,0.008405727495575147,B
2.481930289186255,1.1397445377223776,0.44358133921992016,0.009740861551524708,B
2.5165270514053915,2.1257994679202317,0.0498796417803934,-0.011801265386944685,C
2.5516060737271853,1.1886617098539167,0.39845798138513444,-0.000430223195035832,C
2.5871740785959227,1.9917452775536648,0.010607024398120484,-0.020558913011632953,A
2.6232378821631235,1.2621246580343581,0.3254407268375233,-0.013964938967027274,C
2.6598043955937585,1.6779292630899223,0.029330737036916264,-0.0071612998062155035,A
2.6968806263906924,1.4623407292904345,0.14697394739944525,0.007524777445296666,A
2.7344736797375813,2.6315885246113853,0.2062675066237246,0.0012663386040621192,B
2.7725907598604826,3.0786777662467255,0.4466181348065871,0.003935332320888186,B
2.811239171408464,1.6342659328924547,0.06840114803372829,-0.004957187441650112,A
2.8504263208534346,2.1501611854635168,0.015030461658138832,0.005362918170009964,B
2.89015971790951,2.034971911452727,0.0008918626123325337,-0.012550293184568002,C
2.9304469769721426,2.3912317945840282,0.06269125035024059,0.00630772032836894,B
2.971295818577334,2.6500106389206346,0.14908038596184078,-0.010766267164494123,C
3.0127140708811644,3.3781948398488675,0.5249584478844104,0.0033675936023813,A
3.0547096711599697,2.0253542497819166,0.0008467062784682812,0.014427153824891523,B
3.0972906673314085,1.1578221822992676,0.7253157322940433,0.009212969627103992,A
3.140465219496752,2.477553943399409,0.05597487053254058,0.009671052794974625,C
3.184241601504653,1.8092733819090618,0.053591808504269464,0.006981137657709489,B
3.228628202536732,1.9598033286517398,0.016597368571367337,-0.023645100931173155,C
3.273633528715246,3.003693019602914,0.2268490085194942,-0.006780967388392963,C
3.31926620473319,3.333455250661031,0.3770667143688157,0.008022859246451793,B
3.3655349755070945,2.17837138690219,0.0002203489344118978,-0.0011256568466264999,B
3.4124487078528913,3.1175864351013884,0.24116453341331323,-0.006978779305369723,A
3.4600163921851106,2.468464867408453,0.019624413210332977,0.005357160130500712,C
3.5082471442397907,2.7835538921652807,0.09058297467038572,0.01162333511132872,A
3.557150206821386,2.120782610856816,0.011179734498971656,-0.006410622353695855,A
3.606734951574028,3.337099102486511,0.2888878164725123,0.006325425484294717,B
3.6570108807774915,1.8740723093306701,0.09660849304488474,0.003146953418477558,A
3.7079876291681706,2.3094479044916603,0.00045963210596669665,0.007000302330217031,B
3.7596749657854676,3.0245011930672474,0.1267503941239165,0.017212547853767853,C
3.812082795843888,1.7245800419089403,0.22112614413903478,-0.0004910044713741955,A
3.8652211626312636,2.606482468000912,0.013141933271036313,0.011153541086198666,A
3.919100249433404,2.694941193081732,0.022478155808407563,0.018292695848853034,C
3.973730381485608,3.0352000881296686,0.09549823935016089,-0.012841945458306102,B
4.029122027951348,4.0292684848740565,0.49862161730165117,0.0007664500221142526,B
4.0852858039285636,1.2808468077241544,0.9331392494041582,-0.004162756557286444,C
4.1422324724838955,3.258482299425715,0.1389126481255741,0.006991947446918731,C
4.199972946715306,2.7394169031430917,0.011770738815944122,-0.005656880615177582,A
4.258518291843415,3.530991744944668,0.214303154608098,-0.0018120244543826092,A
4.3178797273320235,3.0858638154767126,0.06494156405430666,0.008435917678446704,B
4.378068629038169,2.0758843347877654,0.11029155183332236,-3.7465626515818943e-06,B
4.439096531392171,2.1594426853921216,0.08294361832007109,-0.010536766539557011,C
4.5009751296080465,1.9070579961741474,0.2313141782268187,-0.005871910968206672,C
4.5637162819247585,3.765479584140599,0.24096050086697832,-0.0072352223785613025,B
4.627332011878691,2.172025053851874,0.10154865565378418,-0.01111142486092898,C
4.691834510607796,2.9072049000561018,0.008161855523712942,0.009189569848032077,B
4.7572361391878895,2.4804980781424284,0.023247778111223902,0.015647181128565814,C
4.823549431001467,1.447472250949875,0.8935172868356437,-0.009094429623920128,C
4.890787094139593,2.4457286017730895,0.039584988632825835,0.022073786102210013,A
4.958962013837215,2.5804876692305636,0.018047432512515955,0.005616267320074906,C
5.02808725494248,4.251527838372317,0.3311358104490737,-0.01625979928429215,C
5.098176064420425,2.5921006828102127,0.023682924961406216,-0.016779386804568065,B
5.169241873891601,1.9895252010481144,0.3024193762629831,-0.011501995004235504,A
5.241298302206059,2.387735091187014,0.08929962488412604,0.011405731295543094,C
5.314359158053241,3.648715713802816,0.09119784105762521,-0.014767227550768649,B
5.388438442608224,3.44055492894608,0.041585533427592226,-0.010664362555040064,C
5.463550352214878,3.424760572966656,0.033943760609119494,0.012896416615841094,B
5.539709281106403,3.5983136183614772,0.05893966730697305,-0.004598971141869625,C
5.61692982416381,2.322239007714313,0.16339766971717617,0.002516352528530253,C
5.695226779712825,3.94656507824008,0.12282011894161517,-0.017813192588312432,B
5.77461515235982,3.3546706385665153,0.010444777060343679,0.000694507090919959,C
5.855110155867241,1.6257473170419967,0.9206066653974407,-0.009924199119928336,A
5.936727216069123,2.5611270363276524,0.09896160500127073,-0.008126093230365635,C
6.019481973827275,4.608330389119164,0.2732856183645433,-0.013965223685143451,B
6.1033902880286215,2.660647469722433,0.08147962299261015,0.003117678899375947,B
6.188468238624385,2.830078781794531,0.04372355277008654,-0.031063773952078346,B
6.274732129711578,3.240813049807862,0.000673038348151045,0.000846806679141445,C
6.362198492657488,3.387281749812228,0.0006261059611789657,0.01141324353821361,B
6.450884089267693,3.2428914202221466,0.002607837574512283,0.008610598380899122,A
6.540805914998256,3.914536943099537,0.04343066474874469,-0.017759260544171086,B
6.631981202212672,2.6565454509016706,0.13383618768653505,0.007849522863850473,C
6.724427423484249,2.163041227441394,0.4574770747246401,0.0055038617584735865,A
6.818162294944479,3.3840684484645784,0.0017207642731711067,0.008966986386516442,C
6.913203779678131,3.368687393333746,0.003733565151511823,-0.00593836580529804,B
7.009570091165621,4.669407315043905,0.15883508952998548,0.013092540386567523,C
7.107279696773419,6.5954610579493345,0.784039092942139,0.005044212021505044,A
7.206351321293052,4.135579391093848,0.038705751944125566,-0.011550330013170278,C
7.3068039505295035,4.690314096913539,0.13390496361534288,-0.007865628854698737,B
7.408656834939563,6.083626584471855,0.5320821674956533,-0.0030541265505978537,B
7.511929493320965,4.703148572177374,0.11822186848391478,0.00706965360139849,C
7.616641716552892,4.573274927276368,0.08425670706293242,0.006984754719741112,C
7.7228135713886426,2.84475084119866,0.16812698919697577,0.00714324557718387,A
7.8304654043011865,3.364412395586874,0.032463270209504895,-0.008146550587951454,A
7.939617845382279,3.0344088797090834,0.11741048194106857,-0.002062602251383572,A
8.050291812295981,3.458331329576299,0.027678928182321507,-0.010806269768394019,B
8.162508514287229,5.32182385788509,0.19765471195337492,-0.000973517825658157,A
8.276289456246348,4.818854196702506,0.08284917863320451,-0.011192149684118954,C
8.391656442830158,3.990654057293851,3.2770556911260553e-06,-0.0025068817698831966,A
8.508631582640582,2.081031461387017,0.9096719457845636,0.00983786327916424,A
8.62723729246145,4.804679796531863,0.05977669102283805,-0.006151630194679696,A
8.74749630155442,4.7907002763477,0.05164188342804576,0.0097170026994695,B
8.869431656014708,2.8866940122125264,0.26947004655496043,0.013367149273108937,B
8.993066723187622,4.236972073833783,0.0005468615591036208,-0.008941533763556131,C
9.118425196146571,3.82132335530981,0.019352618861972187,0.01913057060637748,C
9.245531098233576,5.099596058720188,0.07054347576220213,0.010912558240061236,C
9.374408787662995,2.2688364428994836,0.8461567553398088,-0.007008148779876364,B
9.505082962189512,2.8931318435761995,0.3375730742670077,-0.0012259987699664429,C
9.637578663841088,6.384293256458879,0.3044599522397153,-0.006763891385859736,B
9.771921283717997,3.160915753615484,0.22935815005534477,0.003864529364092026,A
9.908136566858671,3.4262837335028355,0.14080371964967192,0.004742108455869937,A
10.046250617173413,3.843795804938448,0.049198636187514015,-0.004758251151390759,B
10.186289902446875,4.779874440316284,0.0065103745924634466,-0.0005168332262734471,C
10.328281259410286,6.6623627303555875,0.30070613842102295,-0.0048823101842493544,B
10.472251898884343,4.4187995437439564,0.003489560890349298,-0.016619817490558873,B
10.618229410993846,6.041002552791097,0.14484405804382613,-0.01476323450269063,A
10.766241770454933,5.265316110826538,0.028429069553938785,0.00661993194647538,A
10.916317341936148,3.935374828668736,0.07069110295251342,-0.01842371673100812,C
11.06848488549412,7.69596142564734,0.47888968553078626,-0.003665623430696784,A
11.222773562085083,6.509093351216441,0.19054787652764504,0.012342826992719711,C
11.37921293915315,4.3066057176383366,0.030436097647844648,0.008041413047631615,B
11.537832996296608,4.585543895344634,0.009337940822363805,0.013431769186258654,A
11.69866413101307,3.5793507908328515,0.21928713887131193,-0.013942525708712556,B
11.861737164524792,2.909788382383529,0.6101431803070024,0.006717242103621468,C
12.027083347685119,4.77709692127106,0.00584723051275771,0.006475587184868975,A
12.194734366967383,6.985035423284681,0.21208047825165044,-0.0007724194568442369,C
12.36472235053715,2.1064044563953965,1.6587557406929136,0.0034914709776856768,B
12.537079874409196,4.240655439008921,0.0829337640976961,0.0003703919739271449,B
12.711839968690288,9.707032475324795,0.806110749664597,0.016736802343814187,A
12.889036123908928,8.574872874532106,0.497421776182823,-0.005944072499625536,C
13.068702297433463,4.036849232068402,0.1586922099785511,-0.012490542706304723,B
13.250872919979525,4.399159091815686,0.08234843235253529,0.009980731304965974,B
13.435582902208262,8.32429612353666,0.38846461068204974,-0.013605202171756026,C
13.622867641416468,4.0167569953194,0.19772545155904936,-0.008502946962525066,C
13.812763028320095,5.494622673306895,1.720841539729508e-05,0.0033824853261584056,B
14.005305453932197,4.373138934389806,0.1208649383541286,-0.004760170168697923,C
14.200531816536833,6.550768644423374,0.05031686868804859,-0.009789288158372265,B
14.398479528760081,6.145733071266049,0.014135531115344695,0.009288236071525225,A
14.599186524739785,10.087524228405885,0.6777184094271728,-0.01856651949262958,C
14.802691267395087,4.314377370635337,0.1758497076959228,0.003169484027554536,C
15.009032755797366,3.6121798777136878,0.47545570998356834,-0.006929646571738286,A
15.21825053264387,5.368502409554868,0.016627175600864564,-0.003900387689034653,A
15.430384691835645,6.56322156727421,0.022173370132676104,0.006779984604571658,C
15.645475886160957,5.5235640786071905,0.012945364112550886,0.00484594236018401,A
15.863565335085896,13.161906703793825,1.2773391331588109,0.0013745480401826638,B
16.084694832653568,5.2937129468827155,0.04054578088736716,0.020305426660201523,C
16.308906755493325,5.818533659676626,0.006012762430022091,-0.006081227183022358,A
16.536244070941805,8.326074552384547,0.18334475593629665,0.017221569838105126,A
16.766750345276993,10.770136574083361,0.6205733117026955,0.002177441902335987,A
17.00046975206718,6.788262333301289,0.011348653782746713,0.0008796915051639978,C
17.237447080636198,7.960540541063998,0.1050519239323406,0.0029821309256891364,A
17.47772774464681,4.446555144634457,0.28299402368021404,0.011307402040842383,C
17.721357790803584,4.883647871680007,0.16749566802208893,-0.016572202171580393,B
17.96838390767721,7.304900118769698,0.025796022238132973,0.021207926598424937,A
18.21885343465167,8.522178656120007,0.13742332646731129,0.02258422984921996,B
18.472814370996343,8.059098752719803,0.07661821135310933,-0.012184234876929703,A
18.730315385064365,8.062654001645566,0.06991390739667391,-0.012399566804280107,B
18.991405823619356,8.897828106971192,0.15529349599093567,-0.004694769172233329,C
19.256135721291987,6.920332902196582,0.00029550146208401633,-0.004624830908409575,B
19.52455581016861,6.386757012157851,0.01254203038705401,0.0001356971774407454,A
19.796717529513327,6.597514666725456,0.006086707828308423,-0.00028219288193691283,A
20.072673035625705,4.847104184972795,0.28876663192229596,-0.0009415410778076815,C
20.352475211835777,5.9105594875502705,0.0692963675935238,0.021110127827733062,B
20.636177678638585,5.783749659594065,0.09465781599118912,-0.006477543613674725,B
20.92383480396977,8.974215842137006,0.09939239230163377,-0.009111261690775606,A
21.2155017136245,15.992591491208458,1.2965177089546494,0.011144941551839817,A
21.511234301821673,9.62697623505009,0.1527700668338397,0.014458589556815575,A
21.811089241915198,14.267854319880454,0.8975565648619243,-0.00584931251246554,C
22.115123997254887,6.013739114362182,0.10007418519658956,0.004336291102615471,A
22.42339683219845,6.998928681287817,0.012044582330557949,-0.0008873969216519512,C
22.735966823277174,7.630659325730439,5.4186102711020715e-06,-0.01564888959052942,A
23.052893870517085,11.639172979996474,0.3606025702677534,-0.004018369710434743,B
23.37423870891815,15.251970234256035,0.9580924444909068,0.004863956627342323,A
23.70006292009328,11.097322783871817,0.2554663724034745,-0.013274426780274873,A
24.030428944069694,9.707582729063267,0.08923385817469892,-0.010651892909535157,C
24.36540009125466,9.086771264247803,0.03610860162069291,-0.0010283784316938269,C
24.705040554568253,7.236080939699836,0.02331444497592328,0.023270949706054814,C
25.049415421745024,10.154010427039646,0.10544993695990153,0.014476250197563751,B
25.398590687807264,10.096290443319429,0.09208308204923477,0.0012130364597732987,C
25.752633267712014,8.97844801798429,0.014534074194427784,0.0026328512959040936,B
26.111611009174595,6.910609371806195,0.07366798219727566,0.013071803617462414,B
26.475592705670667,9.427164522339458,0.027259536680579986,-0.003934706165179813,A
26.844648109619627,8.806052799121497,0.002852902289941546,0.00543151221058522,C
27.218847945751797,7.207527087140073,0.06229857495661512,-0.007004286453186188,A
27.598263924661804,13.304911749888952,0.39037025810263964,0.0038380113758160386,A
27.98296875655116,9.110823998655345,0.004043558872738077,0.010985654802448877,C
28.373036165162116,11.38619937938747,0.13935290680288295,-0.009631448249511882,A
28.768540901905943,6.734791318322968,0.1599265412393119,0.00845270587101418,A
29.16955876018796,8.426847854031314,0.007825912306572485,0.009580620600465549,C
29.576166589932537,7.764558983169385,0.048393299097012184,-0.0029686198623851867,B
29.988442312310276,7.051689964416207,0.13869871783890564,-0.018351677973381754,B
30.406464934670684,10.226599559634543,0.02331056660610702,-0.00017065590776069522,A
30.83031456568277,9.269796509068218,6.510505090246484e-06,0.02831685857346476,C
31.260072430687035,6.957840653925525,0.18567196179466575,-0.0025650830949835906,A
31.69582088726115,8.297667392134674,0.03571505335167229,-0.00926324959476633,A
32.13764344100279,10.384652182841341,0.015073976367240316,0.006813981389708913,A
32.585624761532266,10.204479832494885,0.007125575861637775,-0.005549287197643101,B
33.03985069871858,18.315460376972705,0.84298773176379,-0.00964830401711979,C
33.50040829913133,5.212408637838386,0.8356647943918135,0.003930982872089128,C
33.96738582272206,13.878483392375536,0.2405955777854173,0.013958120355468126,A
34.440872759738234,13.432393211177013,0.18505827436822378,0.003695173947301892,A
34.920959847872716,12.479975304016776,0.09652975482462176,-0.0004285583040980598,B
35.4077390896527,8.783222204739161,0.044464691572173295,0.003437593598671674,A
35.90130377007068,8.839880260231572,0.04604638021835106,-0.010876084859696704,A
36.401748474461414,6.138581512359142,0.570837829800971,-0.011899403618281061,B
36.909169106627786,12.95286611247666,0.09761167572827356,0.02089255051113739,A
37.42366290721981,9.51062551270927,0.021840907521645345,-0.002176367190815979,A
37.94532847236938,9.624839124217107,0.020601269148353394,-0.0010792868974141261,A
38.474265772585056,18.964146288815105,0.6810242229527209,-0.0017410722278245246,B
39.01057617190993,8.694468873191777,0.10033157623170003,-0.009290473514200228,B
39.55436244734702,11.566250478147841,0.006953469832685857,0.007662100674321115,A
40.10572880855496,14.42225244556358,0.15196723346244104,-0.02618731989298956,B
40.66478091781858,11.593116746341133,0.003683771913969955,0.0036418957570819085,A
41.231625910297524,13.719202019621534,0.08493154529352802,-0.005888113410084975,B
41.80637241455758,13.210351251649797,0.0500368433538746,0.003208717977341458,B
42.38913057338779,13.40773406645841,0.05388581722787345,0.00913285482474821,C
42.98001206490798,8.634307564693394,0.17471210612854582,0.001946705390383418,C
43.5791301239703,8.630380667327502,0.18633930603712187,-0.012622667959539048,C
44.18659956385941,17.72293626586838,0.35639625593818064,0.006090332995286552,C
44.802536798294895,14.997679670725983,0.11714049306427646,0.001313425462622658,B
45.427059863740425,12.26302860755598,0.0014296546760812104,0.017970410104231966,C
46.06028844202403,10.618916463847304,0.03371155531241042,-0.00813981152696833,A
46.70234388327335,20.36714757467216,0.5568147877372636,0.019740175166054325,A
47.35334922917116,11.968680040520875,0.0013278004293073424,-0.006143563942880778,C
48.0134292365345,10.035781083931598,0.09268897501487697,-0.00868307583304617,B
48.68271040122284,18.50255249694289,0.32276812876700944,-0.027352187900986417,B
49.36132098237917,9.965203055873305,0.11608841544501464,-0.00410003984072958,A
50.049391027009534,12.32863543201186,0.002083681509625685,0.0071940380460507125,B
50.74705239490466,14.399111572311206,0.027576657378254026,-0.004104612491111469,B
51.454438783909296,9.964346762894518,0.1443392493711956,-0.0023187182013507776,A
52.17168575554349,15.324933763424546,0.05300115750982545,0.009359641023148058,A
52.89893076098151,15.580909183289085,0.058165083554080024,0.01022179307136895,C
53.6363131673924,16.862670406918998,0.11737031744009059,-0.006746273471808561,B
54.38397428464801,13.733059263455097,0.001047856172811291,0.009333383998663455,C
55.14205739240302,23.590612440036384,0.6441415477535507,0.010254405078382217,A
55.91070776755293,14.704544662107093,0.01108095692591596,0.026793321451568597,B
56.69007271207434,13.093364340140454,0.0057397322804226,-0.007523539690618507,C
57.48030158125351,16.83826750345697,0.07582685612544242,-0.01743425263449859,C
58.28154581230846,13.197943381631353,0.008153445540060327,0.0017679573909961395,B
59.09395895340971,7.3832589955310635,0.8914815551940574,-0.010625914645094069,C
59.91769669310619,22.32359797740604,0.4153947347154954,-0.010116007405385916,B
60.75291689016071,9.21208568721352,0.4223295799362806,0.0006229935963167986,C
61.599779603801686,8.776674597961945,0.5372716820689185,0.0025336374993591,B
62.45844712439618,17.655187182960525,0.0706461985381614,-0.0016847064411726492,C
63.32908400455115,13.110061642816634,0.031728338027215336,0.004835246175068781,A
64.21185709064758,22.47704612918319,0.3472718855965958,0.0050882409436522145,C
65.10693555481461,22.193449051153404,0.31124156864866265,-0.0032919808585148524,C
66.0144909273489,22.892676904739815,0.34782884103754996,0.01173646697104018,B
66.93469712958661,15.532229331781677,0.00023108535311635982,0.016294993442785417,C
67.86773050723295,18.498247068493214,0.06510902990979688,0.0015362761837611994,A
68.8137698641567,11.616841980734277,0.18605102121889205,0.013822209336745956,A
69.77299649665538,21.197262367804043,0.18171174457524775,0.004651510601622119,B
70.74559422819878,16.739067989126845,0.005101132617108245,-0.0017183737329015299,B
71.73174944465613,16.625641145909565,0.0023574188759868183,-0.0022161102238524816,C
72.73165113001454,18.15574494050658,0.026562298386749547,0.02134297183826976,A
73.74549090259553,17.93483352756148,0.017485031864842477,-0.008812594717269225,C
74.77346305177588,20.066492831237092,0.0794029788360845,-0.011271532300832643,A
75.8157645752211,22.81179045799685,0.20646629245879836,0.012220681760075621,C
76.87259521663728,17.584016780910847,0.004167385265903036,0.0009470690239739034,C
77.94415750404951,15.835956840955538,0.010010008619197498,-0.015257665471363454,B
79.03065678861348,12.311115442713456,0.22806906311932196,-0.011805122385961488,B
80.13230128396887,30.136451858961504,0.6486539598008795,-0.0028252586684336016,A
81.24930210614048,20.642218875286755,0.05981874563906604,-0.012832894956540938,C
82.3818733139961,16.85615582612568,0.0038159627176557807,-0.0021612943023773135,B
83.53023195026779,11.653400893027133,0.37106660481979403,-0.0031809534813634073,B
84.69459808314585,22.250534645933268,0.09866768549749844,0.0022572834821035655,A
85.8751948484517,12.913192861705763,0.23678082738963271,-0.013624309159337164,B
87.07224849239921,20.681778604991187,0.033204178302449795,-0.0018570534630801975,B
88.2859884149515,17.118187780582275,0.0109354936396947,0.002469190682612922,A
89.51664721378302,26.93080168437611,0.2898451528553357,-0.01498455883710796,B
90.76446072885356,17.12645582057122,0.016880758542474988,-0.01498483285720656,B
92.0296680876042,14.061013545725757,0.18357362873589547,0.012236647828276602,A
93.31251175078249,10.596457794729464,0.7242021866015501,-0.0035969108520668,C
94.6132375589077,16.83926876119345,0.03743645680012208,-0.013237245042897375,B
95.93209477938241,32.569589350659726,0.5601810437096979,0.00988208495664122,A
97.2693361542617,21.933629165971194,0.026597399793241387,-0.0028954457195259835,C
98.62521794868785,18.00692921898703,0.018362532708379013,-0.01726928349985006,B
100.0,28.930893351900288,0.2893071646030808,-0.0052504991970451585,C
